,x,y
A115,7.522,120.888
A116,8.092,112.04
A133,8.003,124.615
A141,8.837,122.839
A152,8.311,121.225
A173,8.979,123.338
A23,8.596,122.974
A247,7.933,120.351
A257,8.322,123.61
A38,7.435,127.654
A54,7.358,120.141
A77,8.211,123.724
C205,7.573,114.73
D101,8.832,121.465
D110,9.648,132.308
D129,7.413,116.196
D138,7.842,114.863
D161,8.328,117.552
D164,8.121,116.337
D174,8.561,122.056
D179,7.943,128.066
D189,7.363,121.952
D242,7.101,114.72
D32,8.254,118.248
D34,7.456,128.27
D41,7.693,128.91
D52,8.818,121.3
D71,8.36,116.958
D72,8.923,131.689
E106,8.234,119.112
E117,9.389,120.972
E186,8.157,116.162
E204,8.726,124.756
E213,8.848,121.619
E220,8.294,118.344
E233,8.345,121.319
E235,7.291,119.967
E237,8.197,123.366
E238,8.982,130.062
E26,9.327,117.692
E69,8.394,123.969
F130,7.464,119.622
F146,10.065,128.938
F175,7.935,125.272
F178,8.197,118.844
F225,7.056,118.742
F230,8.814,117.238
F259,6.599,117.945
F66,7.171,110.146
F70,8.536,118.878
F93,8.56,113.533
G102,7.62,102.786
G104,8.197,106.252
G128,7.757,107.326
G131,8.01,103.857
G139,7.897,107.618
G144,9.869,114.219
G150,9.069,118.167
G170,8.826,116.933
G182,7.244,102.642
G195,9.361,110.612
G232,8.62,104.77
G25,8.254,108.857
G63,9.639,108.929
G8,8.244,110.974
G81,8.955,106.438
G82,7.03,108.709
G86,7.816,109.501
G98,8.003,107.906
H107,10.659,117.78
H119,8.922,125.835
H122,8.464,124.294
H36,8.642,119.871
H94,8.148,113.107
H96,8.68,114.955
I145,9.094,124.284
I166,7.353,116.342
I209,8.707,127.154
I215,8.869,113.376
I255,8.864,124.414
I33,8.668,128.47
I59,8.987,122.099
I91,8.836,123.115
K111,9.801,109.759
K112,8.19,124.506
K113,7.901,121.965
K126,7.884,122.884
K132,7.685,119.727
K148,8.919,119.325
K153,8.654,123.873
K158,8.672,115.461
K167,7.331,117.414
K169,7.43,120.576
K171,7.738,120.161
K212,7.336,122.278
K224,6.856,115.077
K227,6.794,114.117
K24,7.162,114.79
K251,8.811,114.501
K256,8.729,126.533
K260,7.696,124.36
K39,8.068,122.584
K45,7.487,122.998
K76,7.896,124.138
K80,8.322,121.088
L100,7.282,119.03
L118,9.819,130.378
L120,8.946,123.656
L140,8.783,115.956
L143,8.422,128.22
L147,8.174,120.324
L156,7.488,116.688
L163,7.006,121.674
L183,7.182,117.293
L184,6.582,113.16
L188,8.593,125.639
L202,9.134,120.537
L203,5.922,111.027
L211,8.912,126.62
L223,7.959,120.883
L228,7.048,119.287
L239,8.677,125.95
L250,8.632,125.896
L44,6.964,123.08
L47,8.917,125.991
L57,8.858,117.704
L60,8.65,123.693
L79,8.931,123.477
L84,7.715,120.323
L90,8.493,124.012
M240,8.576,123.129
N124,8.963,119.812
N177,9.66,115.447
N229,8.859,118.424
N231,8.099,110.664
N243,8.351,119.346
N61,8.408,121.269
N62,7.986,123.275
N67,8.967,119.624
Q103,7.805,115.003
Q135,6.546,114.011
Q136,7.493,118.252
Q157,7.734,122.337
Q221,7.472,117.979
Q248,8.649,122.012
Q254,8.531,118.278
Q28,7.682,115.446
Q53,7.975,114.386
Q74,7.621,117.647
Q92,7.337,115.696
R181,8.36,118.418
R226,6.633,109.052
R245,10.411,127.071
R253,7.242,118.482
R27,8.806,120.711
R58,7.128,114.636
R89,8.531,122.732
S105,7.273,107.719
S165,7.938,113.583
S172,8.286,113.735
S187,7.562,111.302
S196,8.646,120.577
S216,8.035,116.664
S218,8.365,116.013
S219,9.245,117.288
S258,8.909,116.445
S29,8.029,117.904
S43,8.426,115.247
S48,8.422,119.893
S50,8.323,122.874
S56,9.931,126.405
S73,8.78,115.79
S99,8.346,111.832
T108,7.302,109.24
T125,8.135,117.193
T168,6.529,98.596
T176,8.048,114.892
T192,9.624,115.09
T199,6.934,108.239
T207,8.382,124.976
T35,10.234,122.273
T37,7.564,108.352
T55,9.352,120.63
T87,8.444,116.637
V109,7.575,118.531
V121,9.146,126.513
V134,7.346,108.033
V142,7.152,124.148
V149,8.385,121.427
V159,6.972,113.169
V160,7.232,114.444
V162,7.082,113.932
V206,7.23,118.968
V210,9.665,128.449
V217,8.486,115.825
V222,7.31,114.806
V241,6.672,114.904
V31,6.234,106.945
V49,8.347,127.547
V68,8.601,121.815
V78,8.343,115.831
W123,9.013,119.251
W191,9.491,117.157
W208,8.199,129.379
W244,6.414,114.141
W97,9.47,119.172
Y114,8.123,121.376
Y127,7.556,115.509
Y190,8.688,119.111
Y193,7.999,125.631
Y40,8.642,126.661
Y51,8.94,125.272
Y7,8.669,120.424
Y88,8.408,126.025
