ResidueKey;x;y;order;assigned_to;est_shift;real_shift;pred_x;pred_y;target_x;target_y
Y7;8.669;120.424;7;Y7;0.0010770329614273595;0.0010770329614273595;8.67;120.422;8.67;120.422
G8;8.244;110.974;8;G8;0.005830951894846029;0.005830951894846029;8.249;110.959;8.249;110.959
A23;8.596;122.974;23;A23;0.011799999999997368;0.011799999999997368;8.596;122.915;8.596;122.915
K24;7.162;114.79;24;K24;0.001000000000000334;0.001000000000000334;7.161;114.79;7.161;114.79
G25;8.254;108.857;25;G25;0.004686149805543079;0.004686149805543079;8.251;108.839;8.251;108.839
E26;9.327;117.692;26;E26;0.009867117106838063;0.009867117106838063;9.33;117.739;9.33;117.739
R27;8.806;120.711;27;R27;0.009765244492584868;0.009765244492584868;8.798;120.683;8.798;120.683
Q28;7.682;115.446;28;Q28;0.0028284271247433664;0.0028284271247433664;7.68;115.436;7.68;115.436
S29;8.029;117.904;29;S29;0.022579636843846815;0.022579636843846815;8.048;117.965;8.048;117.965
V31;6.234;106.945;31;V31;0.0100319489631872;0.0100319489631872;6.244;106.941;6.244;106.941
D32;8.254;118.248;32;D32;0.0035440090293334297;0.0035440090293334297;8.255;118.231;8.255;118.231
I33;8.668;128.47;33;I33;0.005381449618831994;0.005381449618831994;8.672;128.488;8.672;128.488
D34;7.456;128.27;34;D34;0.005656854249496153;0.005656854249496153;7.452;128.25;7.452;128.25
T35;10.234;122.273;35;T35;0.00560000000000116;0.00560000000000116;10.234;122.301;10.234;122.301
H36;8.642;119.871;36;H36;0.011377170122660905;0.011377170122660905;8.64;119.815;8.64;119.815
T37;7.564;108.352;37;T37;0.006082762530298499;0.006082762530298499;7.563;108.322;7.563;108.322
A38;7.435;127.654;38;A38;0.011456002793295766;0.011456002793295766;7.446;127.67;7.446;127.67
K39;8.068;122.584;39;K39;0.005936328831862801;0.005936328831862801;8.073;122.6;8.073;122.6
Y40;8.642;126.661;40;Y40;0.008121576201698706;0.008121576201698706;8.647;126.629;8.647;126.629
D41;7.693;128.91;41;D41;0.0061773780845901394;0.0061773780845901394;7.69;128.883;7.69;128.883
S43;8.426;115.247;43;S43;0.010127191120937492;0.010127191120937492;8.436;115.255;8.436;115.255
L44;6.964;123.08;44;L44;0.008616263691415082;0.008616263691415082;6.972;123.096;6.972;123.096
K45;7.487;122.998;45;K45;0.013489254983134307;0.013489254983134307;7.474;122.98;7.474;122.98
L47;8.917;125.991;47;L47;0.008345058418010672;0.008345058418010672;8.923;125.962;8.923;125.962
S48;8.422;119.893;48;S48;0.019900753754569126;0.019900753754569126;8.424;119.794;8.424;119.794
V49;8.347;127.547;49;V49;0.005015974481594486;0.005015974481594486;8.352;127.545;8.352;127.545
S50;8.323;122.874;50;S50;0.01457257698555747;0.01457257698555747;8.333;122.821;8.333;122.821
Y51;8.94;125.272;51;Y51;0.04295346318982759;0.04295346318982759;8.901;125.362;8.901;125.362
D52;8.818;121.3;52;D52;0.0076655071586915;0.0076655071586915;8.816;121.263;8.816;121.263
Q53;7.975;114.386;53;Q53;0.006403124237434294;0.006403124237434294;7.98;114.406;7.98;114.406
A54;7.358;120.141;54;A54;0.007211102550926938;0.007211102550926938;7.364;120.161;7.364;120.161
T55;9.352;120.63;55;T55;0.009425497334360097;0.009425497334360097;9.361;120.644;9.361;120.644
S56;9.931;126.405;56;S56;0.0034000000000000176;0.0034000000000000176;9.934;126.413;9.934;126.413
L57;8.858;117.704;57;L57;0.011180339887494818;0.011180339887494818;8.856;117.649;8.856;117.649
R58;7.128;114.636;58;R58;0.005200000000002092;0.005200000000002092;7.128;114.662;7.128;114.662
I59;8.987;122.099;59;I59;0.005015974481590732;0.005015974481590732;8.985;122.122;8.985;122.122
L60;8.65;123.693;60;L60;0.004118252056393139;0.004118252056393139;8.652;123.675;8.652;123.675
N61;8.408;121.269;61;N61;0.0112445542374952;0.0112445542374952;8.407;121.325;8.407;121.325
N62;7.986;123.275;62;N62;0.018181309083780416;0.018181309083780416;8.0;123.333;8.0;123.333
G63;9.639;108.929;63;G63;0.020889231675675104;0.020889231675675104;9.657;108.876;9.657;108.876
F66;7.171;110.146;66;F66;0.007683749084919266;0.007683749084919266;7.165;110.122;7.165;110.122
N67;8.967;119.624;67;N67;0.008602325267040337;0.008602325267040337;8.972;119.589;8.972;119.589
V68;8.601;121.815;68;V68;0.007011419257184635;0.007011419257184635;8.594;121.817;8.594;121.817
E69;8.394;123.969;69;E69;0.01399428454762779;0.01399428454762779;8.382;123.933;8.382;123.933
F70;8.536;118.878;70;F70;0.01431782106327636;0.01431782106327636;8.549;118.908;8.549;118.908
D71;8.36;116.958;71;D71;0.007323933369440907;0.007323933369440907;8.366;116.979;8.366;116.979
D72;8.923;131.689;72;D72;0.007102112361825687;0.007102112361825687;8.93;131.695;8.93;131.695
S73;8.78;115.79;73;S73;0.0010770329614290088;0.0010770329614290088;8.781;115.788;8.781;115.788
Q74;7.621;117.647;74;Q74;0.009035485598460503;0.009035485598460503;7.63;117.651;7.63;117.651
K76;7.896;124.138;76;K76;0.012682271089989728;0.012682271089989728;7.906;124.099;7.906;124.099
A77;8.211;123.724;77;A77;0.0244204832057025;0.0244204832057025;8.212;123.846;8.212;123.846
V78;8.343;115.831;78;V78;0.005946427498927404;0.005946427498927404;8.347;115.809;8.347;115.809
L79;8.931;123.477;79;L79;0.012014990636700857;0.012014990636700857;8.943;123.474;8.943;123.474
K80;8.322;121.088;80;K80;0.0025612496949743834;0.0025612496949743834;8.32;121.096;8.32;121.096
G81;8.955;106.438;81;G81;0.004123105625616668;0.004123105625616668;8.959;106.443;8.959;106.443
G82;7.03;108.709;82;G82;0.0006000000000021544;0.0006000000000021544;7.03;108.706;7.03;108.706
L84;7.715;120.323;84;L84;0.009264987857516978;0.009264987857516978;7.71;120.284;7.71;120.284
G86;7.816;109.501;86;G86;0.015000000000000568;0.015000000000000568;7.825;109.561;7.825;109.561
T87;8.444;116.637;87;T87;0.009541488353501205;0.009541488353501205;8.436;116.611;8.436;116.611
Y88;8.408;126.025;88;Y88;0.034713109915419205;0.034713109915419205;8.434;126.14;8.434;126.14
R89;8.531;122.732;89;R89;0.014764823060232315;0.014764823060232315;8.544;122.697;8.544;122.697
L90;8.493;124.012;90;L90;0.008602325267044261;0.008602325267044261;8.488;124.047;8.488;124.047
I91;8.836;123.115;91;I91;0.0034985711369087753;0.0034985711369087753;8.839;123.124;8.839;123.124
Q92;7.337;115.696;92;Q92;0.013437261625789886;0.013437261625789886;7.338;115.629;7.338;115.629
F93;8.56;113.533;93;F93;0.009486832980505497;0.009486832980505497;8.563;113.488;8.563;113.488
H94;8.148;113.107;94;H94;0.018439088914585577;0.018439088914585577;8.136;113.037;8.136;113.037
H96;8.68;114.955;96;H96;0.004317406628985298;0.004317406628985298;8.679;114.976;8.679;114.976
W97;9.47;119.172;97;W97;0.010599999999997516;0.010599999999997516;9.479;119.144;9.479;119.144
G98;8.003;107.906;98;G98;0.004317406628985298;0.004317406628985298;8.004;107.885;8.004;107.885
S99;8.346;111.832;99;S99;0.006118823416311713;0.006118823416311713;8.352;111.838;8.352;111.838
L100;7.282;119.03;100;L100;0.009035485598461625;0.009035485598461625;7.29;119.051;7.29;119.051
D101;8.832;121.465;101;D101;0.010846197490364647;0.010846197490364647;8.833;121.411;8.833;121.411
G102;7.62;102.786;102;G102;0.003162277660168874;0.003162277660168874;7.623;102.781;7.623;102.781
Q103;7.805;115.003;103;Q103;0.005656854249493641;0.005656854249493641;7.809;115.023;7.809;115.023
G104;8.197;106.252;104;G104;0.006248199740725773;0.006248199740725773;8.201;106.276;8.201;106.276
S105;7.273;107.719;105;S105;0.005200000000002092;0.005200000000002092;7.273;107.745;7.273;107.745
E106;8.234;119.112;106;E106;0.024489997958352286;0.024489997958352286;8.255;119.175;8.255;119.175
H107;10.659;117.78;107;H107;0.018199999999996663;0.018199999999996663;10.659;117.871;10.659;117.871
T108;7.302;109.24;108;T108;0.015473848907107846;0.015473848907107846;7.309;109.309;7.309;109.309
V109;7.575;118.531;109;V109;0.005730619512756215;0.005730619512756215;7.58;118.545;7.58;118.545
D110;9.648;132.308;110;D110;0.012599999999995504;0.012599999999995504;9.648;132.245;9.648;132.245
K111;9.801;109.759;111;K111;0.007249827584155724;0.007249827584155724;9.798;109.726;9.798;109.726
K112;8.19;124.506;112;K112;0.0037202150475468157;0.0037202150475468157;8.193;124.517;8.193;124.517
K113;7.901;121.965;113;K113;0.024620316813558165;0.024620316813558165;7.9;121.842;7.9;121.842
Y114;8.123;121.376;114;Y114;0.0018867962264138903;0.0018867962264138903;8.122;121.368;8.122;121.368
A115;7.522;120.888;115;A115;0.0071021123618262875;0.0071021123618262875;7.528;120.869;7.528;120.869
A116;8.092;112.04;116;A116;0.016191355718406623;0.016191355718406623;8.097;112.117;8.097;112.117
E117;9.389;120.972;117;E117;0.005830951894846029;0.005830951894846029;9.394;120.957;9.394;120.957
L118;9.819;130.378;118;L118;0.012600000000002609;0.012600000000002609;9.819;130.441;9.819;130.441
H119;8.922;125.835;119;H119;0.007863841300530994;0.007863841300530994;8.923;125.796;8.923;125.796
L120;8.946;123.656;120;L120;0.0011661903789678654;0.0011661903789678654;8.947;123.659;8.947;123.659
V121;9.146;126.513;121;V121;0.024424577785503852;0.024424577785503852;9.139;126.396;9.139;126.396
H122;8.464;124.294;122;H122;0.004019950248447825;0.004019950248447825;8.46;124.292;8.46;124.292
W123;9.013;119.251;123;W123;0.01360000000000007;0.01360000000000007;9.025;119.283;9.025;119.283
N124;8.963;119.812;124;N124;0.013944174410842343;0.013944174410842343;8.961;119.743;8.961;119.743
T125;8.135;117.193;125;T125;0.019037857022260636;0.019037857022260636;8.125;117.112;8.125;117.112
K126;7.884;122.884;126;K126;0.02248644035857965;0.02248644035857965;7.9;122.963;7.9;122.963
Y127;7.556;115.509;127;Y127;0.01563201842373511;0.01563201842373511;7.541;115.487;7.541;115.487
G128;7.757;107.326;128;G128;0.029732137494636903;0.029732137494636903;7.779;107.426;7.779;107.426
D129;7.413;116.196;129;D129;0.02024252948620771;0.02024252948620771;7.429;116.258;7.429;116.258
F130;7.464;119.622;130;F130;0.03452593228285203;0.03452593228285203;7.492;119.723;7.492;119.723
G131;8.01;103.857;131;G131;0.008440379138402527;0.008440379138402527;8.008;103.898;8.008;103.898
K132;7.685;119.727;132;K132;0.01870187156409673;0.01870187156409673;7.671;119.665;7.671;119.665
A133;8.003;124.615;133;A133;0.009090654541888734;0.009090654541888734;7.996;124.586;7.996;124.586
V134;7.346;108.033;134;V134;0.004472135954997498;0.004472135954997498;7.348;108.053;7.348;108.053
Q135;6.546;114.011;135;Q135;0.009303762679691787;0.009303762679691787;6.55;113.969;6.55;113.969
Q136;7.493;118.252;136;Q136;0.011999999999999567;0.011999999999999567;7.505;118.252;7.505;118.252
D138;7.842;114.863;138;D138;0.00039999999999906777;0.00039999999999906777;7.842;114.861;7.842;114.861
G139;7.897;107.618;139;G139;0.003231098884281089;0.003231098884281089;7.894;107.624;7.894;107.624
L140;8.783;115.956;140;L140;0.01565247584249859;0.01565247584249859;8.769;115.921;8.769;115.921
A141;8.837;122.839;141;A141;0.02035779948815769;0.02035779948815769;8.854;122.895;8.854;122.895
V142;7.152;124.148;142;V142;0.055336787040810936;0.055336787040810936;7.161;124.421;7.161;124.421
L143;8.422;128.22;143;L143;0.042200000000001125;0.042200000000001125;8.422;128.009;8.422;128.009
G144;9.869;114.219;144;G144;0.03677444765050672;0.03677444765050672;9.856;114.047;9.856;114.047
I145;9.094;124.284;145;I145;0.0060827625302986455;0.0060827625302986455;9.095;124.314;9.095;124.314
F146;10.065;128.938;146;F146;0.007011419257183065;0.007011419257183065;10.058;128.94;10.058;128.94
L147;8.174;120.324;147;L147;0.00761577310586202;0.00761577310586202;8.177;120.289;8.177;120.289
K148;8.919;119.325;148;K148;0.0032000000000032003;0.0032000000000032003;8.919;119.309;8.919;119.309
V149;8.385;121.427;149;V149;0.007280109889278679;0.007280109889278679;8.387;121.462;8.387;121.462
G150;9.069;118.167;150;G150;0.01178812962263492;0.01178812962263492;9.066;118.11;9.066;118.11
A152;8.311;121.225;152;A152;0.005000000000000782;0.005000000000000782;8.316;121.225;8.316;121.225
K153;8.654;123.873;153;K153;0.0030000000000001137;0.0030000000000001137;8.651;123.873;8.651;123.873
L156;7.488;116.688;156;L156;0.013731715115014588;0.013731715115014588;7.491;116.755;7.491;116.755
Q157;7.734;122.337;157;Q157;0.008062257748297165;0.008062257748297165;7.741;122.357;7.741;122.357
K158;8.672;115.461;158;K158;0.007211102550928909;0.007211102550928909;8.668;115.491;8.668;115.491
V159;6.972;113.169;159;V159;0.00468614980554251;0.00468614980554251;6.975;113.187;6.975;113.187
V160;7.232;114.444;160;V160;0.00980000000000203;0.00980000000000203;7.232;114.395;7.232;114.395
D161;8.328;117.552;161;D161;0.003026549190084301;0.003026549190084301;8.331;117.554;8.331;117.554
V162;7.082;113.932;162;V162;0.0023323807579383204;0.0023323807579383204;7.084;113.938;7.084;113.938
L163;7.006;121.674;163;L163;0.005936328831862052;0.005936328831862052;7.011;121.69;7.011;121.69
D164;8.121;116.337;164;D164;0.004664761515874812;0.004664761515874812;8.117;116.349;8.117;116.349
S165;7.938;113.583;165;S165;0.0035999999999987153;0.0035999999999987153;7.938;113.601;7.938;113.601
I166;7.353;116.342;166;I166;0.006264183905346363;0.006264183905346363;7.359;116.351;7.359;116.351
K167;7.331;117.414;167;K167;0.0010770329614268647;0.0010770329614268647;7.33;117.416;7.33;117.416
T168;6.529;98.596;168;T168;0.006705221845698737;0.006705221845698737;6.531;98.564;6.531;98.564
K169;7.43;120.576;169;K169;0.0017999999999993577;0.0017999999999993577;7.43;120.567;7.43;120.567
G170;8.826;116.933;170;G170;0.009610411021386732;0.009610411021386732;8.824;116.98;8.824;116.98
K171;7.738;120.161;171;K171;0.002000000000000668;0.002000000000000668;7.736;120.161;7.736;120.161
S172;8.286;113.735;172;S172;0.008588364221433395;0.008588364221433395;8.29;113.697;8.29;113.697
A173;8.979;123.338;173;A173;0.004079215610875172;0.004079215610875172;8.983;123.342;8.983;123.342
D174;8.561;122.056;174;D174;0.003162277660168312;0.003162277660168312;8.56;122.041;8.56;122.041
F175;7.935;125.272;175;F175;0.00316227766016775;0.00316227766016775;7.938;125.277;7.938;125.277
T176;8.048;114.892;176;T176;0.0067941151005857445;0.0067941151005857445;8.053;114.915;8.053;114.915
N177;9.66;115.447;177;N177;0.012529964086141102;0.012529964086141102;9.666;115.502;9.666;115.502
F178;8.197;118.844;178;F178;0.007717512552629586;0.007717512552629586;8.201;118.811;8.201;118.811
D179;7.943;128.066;179;D179;0.0034000000000016894;0.0034000000000016894;7.946;128.074;7.946;128.074
R181;8.36;118.418;181;R181;0.007011419257182862;0.007011419257182862;8.353;118.42;8.353;118.42
G182;7.244;102.642;182;G182;0.0023999999999979593;0.0023999999999979593;7.244;102.63;7.244;102.63
L183;7.182;117.293;183;L183;0.00039999999999906777;0.00039999999999906777;7.182;117.295;7.182;117.295
L184;6.582;113.16;184;L184;0.002400000000001512;0.002400000000001512;6.582;113.172;6.582;113.172
E186;8.157;116.162;186;E186;0.0036055512754644544;0.0036055512754644544;8.159;116.147;8.159;116.147
S187;7.562;111.302;187;S187;0.024758836806279376;0.024758836806279376;7.58;111.387;7.58;111.387
L188;8.593;125.639;188;L188;0.010787029248129727;0.010787029248129727;8.595;125.586;8.595;125.586
D189;7.363;121.952;189;D189;0.003026549190084301;0.003026549190084301;7.36;121.954;7.36;121.954
Y190;8.688;119.111;190;Y190;0.04167925143281393;0.04167925143281393;8.675;119.309;8.675;119.309
W191;9.491;117.157;191;W191;0.016862977198585673;0.016862977198585673;9.505;117.204;9.505;117.204
T192;9.624;115.09;192;T192;0.004399999999996851;0.004399999999996851;9.624;115.112;9.624;115.112
Y193;7.999;125.631;193;Y193;0.02270154179786172;0.02270154179786172;8.021;125.659;8.021;125.659
G195;9.361;110.612;195;G195;0.006135144660071481;0.006135144660071481;9.363;110.641;9.363;110.641
S196;8.646;120.577;196;S196;0.007999999999999119;0.007999999999999119;8.646;120.617;8.646;120.617
T199;6.934;108.239;199;T199;0.04139613508529587;0.04139613508529587;6.941;108.443;6.941;108.443
L202;9.134;120.537;202;L202;0.053542132942199;0.053542132942199;9.088;120.4;9.088;120.4
L203;5.922;111.027;203;L203;0.04795873226014224;0.04795873226014224;5.889;110.853;5.889;110.853
E204;8.726;124.756;204;E204;0.01452446212429391;0.01452446212429391;8.717;124.699;8.717;124.699
C205;7.573;114.73;205;C205;0.026156452358835174;0.026156452358835174;7.549;114.678;7.549;114.678
V206;7.23;118.968;206;V206;0.02207351353998749;0.02207351353998749;7.209;119.002;7.209;119.002
T207;8.382;124.976;207;T207;0.02069396047159662;0.02069396047159662;8.399;124.917;8.399;124.917
W208;8.199;129.379;208;W208;0.01984036289990892;0.01984036289990892;8.187;129.458;8.187;129.458
I209;8.707;127.154;209;I209;0.015321879780234615;0.015321879780234615;8.716;127.216;8.716;127.216
V210;9.665;128.449;210;V210;0.011401754250990201;0.011401754250990201;9.662;128.394;9.662;128.394
L211;8.912;126.62;211;L211;0.017531685600647474;0.017531685600647474;8.922;126.692;8.922;126.692
K212;7.336;122.278;212;K212;0.0031048349392525498;0.0031048349392525498;7.333;122.274;7.333;122.274
E213;8.848;121.619;213;E213;0.013453624047073912;0.013453624047073912;8.857;121.669;8.857;121.669
I215;8.869;113.376;215;I215;0.006999999999999673;0.006999999999999673;8.876;113.376;8.876;113.376
S216;8.035;116.664;216;S216;0.012240914998479428;0.012240914998479428;8.036;116.725;8.036;116.725
V217;8.486;115.825;217;V217;0.010934349546271581;0.010934349546271581;8.479;115.867;8.479;115.867
S218;8.365;116.013;218;S218;0.004019950248447825;0.004019950248447825;8.361;116.015;8.361;116.015
S219;9.245;117.288;219;S219;0.004019950248449946;0.004019950248449946;9.249;117.29;9.249;117.29
E220;8.294;118.344;220;E220;0.01440694277076334;0.01440694277076334;8.28;118.361;8.28;118.361
Q221;7.472;117.979;221;Q221;0.010781465577553608;0.010781465577553608;7.479;117.938;7.479;117.938
V222;7.31;114.806;222;V222;0.013055267136294926;0.013055267136294926;7.323;114.812;7.323;114.812
L223;7.959;120.883;223;L223;0.009541488353502397;0.009541488353502397;7.967;120.857;7.967;120.857
K224;6.856;115.077;224;K224;0.00420000000000087;0.00420000000000087;6.856;115.056;6.856;115.056
F225;7.056;118.742;225;F225;0.0015999999999998238;0.0015999999999998238;7.056;118.75;7.056;118.75
R226;6.633;109.052;226;R226;0.00693108938046248;0.00693108938046248;6.638;109.076;6.638;109.076
K227;6.794;114.117;227;K227;0.005936328831862801;0.005936328831862801;6.799;114.133;6.799;114.133
L228;7.048;119.287;228;L228;0.01028396810574527;0.01028396810574527;7.058;119.299;7.058;119.299
N229;8.859;118.424;229;N229;0.002599999999997903;0.002599999999997903;8.858;118.436;8.858;118.436
F230;8.814;117.238;230;F230;0.012727922061358338;0.012727922061358338;8.805;117.193;8.805;117.193
N231;8.099;110.664;231;N231;0.01177115117565121;0.01177115117565121;8.101;110.606;8.101;110.606
G232;8.62;104.77;232;G232;0.005249761899363162;0.005249761899363162;8.624;104.787;8.624;104.787
E233;8.345;121.319;233;E233;0.0027856776554349228;0.0027856776554349228;8.344;121.332;8.344;121.332
E235;7.291;119.967;235;E235;0.015435025105257792;0.015435025105257792;7.299;120.033;7.299;120.033
E237;8.197;123.366;237;E237;0.00926498785751945;0.00926498785751945;8.188;123.355;8.188;123.355
E238;8.982;130.062;238;E238;0.011151681487560143;0.011151681487560143;8.988;130.109;8.988;130.109
L239;8.677;125.95;239;L239;0.0032000000000032003;0.0032000000000032003;8.677;125.934;8.677;125.934
M240;8.576;123.129;240;M240;0.015132745950422207;0.015132745950422207;8.574;123.054;8.574;123.054
V241;6.672;114.904;241;V241;0.006477653896280014;0.006477653896280014;6.673;114.872;6.673;114.872
D242;7.101;114.72;242;D242;0.0030000000000001137;0.0030000000000001137;7.101;114.735;7.101;114.735
N243;8.351;119.346;243;N243;0.008856635930192265;0.008856635930192265;8.359;119.365;8.359;119.365
W244;6.414;114.141;244;W244;0.004664761515877402;0.004664761515877402;6.418;114.129;6.418;114.129
R245;10.411;127.071;245;R245;0.05243891684617462;0.05243891684617462;10.36;127.01;10.36;127.01
A247;7.933;120.351;247;A247;0.0037735924528222256;0.0037735924528222256;7.935;120.367;7.935;120.367
Q248;8.649;122.012;248;Q248;0.005546169849546178;0.005546169849546178;8.654;122.024;8.654;122.024
L250;8.632;125.896;250;L250;0.00107703296142604;0.00107703296142604;8.631;125.898;8.631;125.898
K251;8.811;114.501;251;K251;0.005015974481594486;0.005015974481594486;8.816;114.503;8.816;114.503
R253;7.242;118.482;253;R253;0.004999999999999893;0.004999999999999893;7.247;118.482;7.247;118.482
Q254;8.531;118.278;254;Q254;0.004903060268852236;0.004903060268852236;8.53;118.254;8.53;118.254
I255;8.864;124.414;255;I255;0.007249827584155724;0.007249827584155724;8.867;124.381;8.867;124.381
K256;8.729;126.533;256;K256;0.006082762530298353;0.006082762530298353;8.728;126.563;8.728;126.563
A257;8.322;123.61;257;A257;0.010001999800041616;0.010001999800041616;8.332;123.609;8.332;123.609
S258;8.909;116.445;258;S258;0.002973213749468004;0.002973213749468004;8.908;116.459;8.908;116.459
F259;6.599;117.945;259;F259;0.011244554237496906;0.011244554237496906;6.606;117.989;6.606;117.989
K260;7.696;124.36;260;K260;0.0009999999999994458;0.0009999999999994458;7.695;124.36;7.695;124.36
